insert into ingredient (ingredientid, ingredient_description, ingredient_name, is_allergen) values ('Ingredient101', 'Cloves from Zanzibar', 'Clove', FALSE), ('Ingredient102', 'Potatoes from Russia', 'Potatoes', FALSE), ('Ingredient103', 'Milk from Australia', 'Milk', TRUE), ('Ingredient104', 'Groundnuts from Bolivia', 'Groundnuts', TRUE), ('Ingredient105', 'Lamb from New Zealand', 'Lamb', FALSE), ('Ingredient106', 'Chicken from Brazil', 'Chicken', FALSE)
insert into ingredient_nutrition (ingredientid, calcium, calories, carbohydrates , cholesterol , energy , potassium , protein , serving_size, serving_size_description, serving_unit, sodium , total_fat , vitamina , vitaminc , vitamind) values ('Ingredient101', 1.3, 6, 1.4, 0.0, 0.0, 21.4, 0.1, 1, '1 tsp of Cloves', 4, 5.8, 0.3, 0.1, 0.0, 0.0), ('Ingredient102', 1.0, 77, 17, 0.0, 77.0, 421.0, 2.0, 100, '100g of Potatoes', 5, 6.0, 0.1, 0.0, 32.0, 0.0), ('Ingredient103', 30.0, 150, 12.0, 30.0, 150.0, 350.0, 8.0, 150, '150ml of Milk', 4, 120.0, 8.0, 4.0, 2.0, 0.0), ('Ingredient104', 0.0, 523, 52.0, 0.0, 523.0, 0.0, 15.0, 100, '100g of Groundnuts', 5, 0.0, 29.0, 0.0, 0.0, 0.0), ('Ingredient105', 1.0, 250, 0, 0.0, 250.0, 264.0,21.0, 100, '100g of Lamb', 5, 61.0, 18.0, 0.0, 0.0, 0.0), ('Ingredient106', 2.0, 100, 1, 50.0, 100.0, 0.0, 22.0, 100, '100g of Chicken', 5, 110.0, 2.0, 0.0, 2.0, 0.0)
insert into RECIPE (recipeid, cook_time, instructions, prep_time, recipe_name, recipe_type) values ('recipe101', 60.0, 'Boil peel serve', 45.0, 'Something not tasty', 'Indian'),('recipe102', 10.0, 'Fry and fry and fry', 5.0, 'Tasty', 'Indian'), ('recipe103', 15.0, 'Put oil in a wok and fry', 35.0, 'Chicken Curry', 'Thai') 
insert into recipe_ingredients (QUANTITY, INGREDIENTID, RECIPEID) values (2, 'Ingredient102', 'recipe103'), (3, 'Ingredient103', 'recipe103'), (3, 'Ingredient104', 'recipe103'), (2, 'Ingredient101', 'recipe101'), (4, 'Ingredient102', 'recipe101')